,"(1177, 1002)","(495, 1467)","(912, 1227)","(504, 1170)","(237, 952)","(1192, 908)","(575, 1008)","(596, 31)","(1236, 641)","(371, 1362)","(957, 992)","(1188, 944)","(928, 1130)","(657, 525)","(685, 340)","(1327, 1253)","(435, 981)","(879, 91)","(323, 441)","(1081, 228)","(1259, 485)","(1093, 166)","(208, 425)","(154, 735)","(805, 525)","(804, 848)","(1042, 455)","(112, 933)","(1112, 899)","(682, 500)","(973, 872)","(892, 1370)","(1004, 713)","(500, 1516)","(440, 1523)","(856, 215)","(659, 496)","(1189, 1235)","(215, 1054)","(422, 459)","(833, 370)","(1300, 252)","(52, 1304)","(1370, 1092)","(545, 1180)","(516, 1384)","(960, 968)","(770, 519)","(1398, 947)","(172, 1327)","(1214, 751)","(545, 1004)","(100, 1032)","(979, 848)","(277, 754)","(1023, 558)","(1197, 1059)","(528, 477)","(1381, 1038)","(819, 421)","(411, 1158)","(1049, 397)","(613, 815)","(477, 1486)","(473, 788)","(365, 767)","(899, 1326)","(217, 1015)"
"(1177, 1002)",-1.000,-1.000,-1.000,-1.000,-1.000,-1.000,-1.000,-1.000,-1.000,-1.000,-1.000,59.034,-1.000,-1.000,-1.000,-1.000,-1.000,-1.000,-1.000,-1.000,-1.000,-1.000,-1.000,-1.000,-1.000,-1.000,-1.000,-1.000,-1.000,-1.000,-1.000,-1.000,-1.000,-1.000,-1.000,-1.000,-1.000,-1.000,-1.000,-1.000,-1.000,-1.000,-1.000,-1.000,-1.000,-1.000,-1.000,-1.000,-1.000,-1.000,-1.000,-1.000,-1.000,-1.000,-1.000,-1.000,60.407,-1.000,-1.000,-1.000,-1.000,-1.000,-1.000,-1.000,-1.000,-1.000,-1.000,-1.000
"(495, 1467)",-1.000,-1.000,-1.000,-1.000,-1.000,-1.000,-1.000,-1.000,-1.000,-1.000,-1.000,-1.000,-1.000,-1.000,-1.000,-1.000,-1.000,-1.000,-1.000,-1.000,-1.000,-1.000,-1.000,-1.000,-1.000,-1.000,-1.000,-1.000,-1.000,-1.000,-1.000,-1.000,-1.000,-1.000,-1.000,-1.000,-1.000,-1.000,-1.000,-1.000,-1.000,-1.000,-1.000,-1.000,291.323,-1.000,-1.000,-1.000,-1.000,-1.000,-1.000,-1.000,-1.000,-1.000,-1.000,-1.000,-1.000,-1.000,-1.000,-1.000,-1.000,-1.000,-1.000,26.173,-1.000,-1.000,-1.000,-1.000
"(912, 1227)",-1.000,-1.000,-1.000,-1.000,-1.000,-1.000,-1.000,-1.000,-1.000,-1.000,-1.000,-1.000,98.311,-1.000,-1.000,-1.000,-1.000,-1.000,-1.000,-1.000,-1.000,-1.000,-1.000,-1.000,-1.000,-1.000,-1.000,-1.000,-1.000,-1.000,-1.000,-1.000,-1.000,-1.000,-1.000,-1.000,-1.000,-1.000,-1.000,-1.000,-1.000,-1.000,-1.000,-1.000,-1.000,-1.000,-1.000,-1.000,-1.000,-1.000,-1.000,-1.000,-1.000,-1.000,-1.000,-1.000,-1.000,-1.000,-1.000,-1.000,-1.000,-1.000,-1.000,-1.000,-1.000,-1.000,99.850,-1.000
"(504, 1170)",-1.000,-1.000,-1.000,-1.000,-1.000,-1.000,-1.000,-1.000,-1.000,-1.000,-1.000,-1.000,-1.000,-1.000,-1.000,-1.000,-1.000,-1.000,-1.000,-1.000,-1.000,-1.000,-1.000,-1.000,-1.000,-1.000,-1.000,-1.000,-1.000,-1.000,-1.000,-1.000,-1.000,-1.000,-1.000,-1.000,-1.000,-1.000,-1.000,-1.000,-1.000,-1.000,-1.000,-1.000,42.202,-1.000,-1.000,-1.000,-1.000,-1.000,-1.000,-1.000,-1.000,-1.000,-1.000,-1.000,-1.000,-1.000,-1.000,-1.000,-1.000,-1.000,-1.000,-1.000,-1.000,-1.000,-1.000,-1.000
"(237, 952)",-1.000,-1.000,-1.000,-1.000,-1.000,-1.000,-1.000,-1.000,-1.000,-1.000,-1.000,-1.000,-1.000,-1.000,-1.000,-1.000,200.112,-1.000,-1.000,-1.000,-1.000,-1.000,-1.000,-1.000,-1.000,-1.000,-1.000,126.436,-1.000,-1.000,-1.000,-1.000,-1.000,-1.000,-1.000,-1.000,-1.000,-1.000,-1.000,-1.000,-1.000,-1.000,-1.000,-1.000,-1.000,-1.000,-1.000,-1.000,-1.000,-1.000,-1.000,-1.000,-1.000,-1.000,-1.000,-1.000,-1.000,-1.000,-1.000,-1.000,-1.000,-1.000,-1.000,-1.000,-1.000,-1.000,-1.000,66.098
"(1192, 908)",-1.000,-1.000,-1.000,-1.000,-1.000,-1.000,-1.000,-1.000,-1.000,-1.000,-1.000,36.222,-1.000,-1.000,-1.000,-1.000,-1.000,-1.000,-1.000,-1.000,-1.000,-1.000,-1.000,-1.000,-1.000,-1.000,-1.000,-1.000,80.505,-1.000,-1.000,-1.000,-1.000,-1.000,-1.000,-1.000,-1.000,-1.000,-1.000,-1.000,-1.000,-1.000,-1.000,-1.000,-1.000,-1.000,-1.000,-1.000,209.659,-1.000,158.534,-1.000,-1.000,-1.000,-1.000,-1.000,-1.000,-1.000,-1.000,-1.000,-1.000,-1.000,-1.000,-1.000,-1.000,-1.000,-1.000,-1.000
"(575, 1008)",-1.000,-1.000,-1.000,-1.000,-1.000,-1.000,-1.000,-1.000,-1.000,-1.000,-1.000,-1.000,-1.000,-1.000,-1.000,-1.000,-1.000,-1.000,-1.000,-1.000,-1.000,-1.000,-1.000,-1.000,-1.000,-1.000,-1.000,-1.000,-1.000,-1.000,-1.000,-1.000,-1.000,-1.000,-1.000,-1.000,-1.000,-1.000,-1.000,-1.000,-1.000,-1.000,-1.000,-1.000,174.597,-1.000,-1.000,-1.000,-1.000,-1.000,-1.000,30.265,-1.000,-1.000,-1.000,-1.000,-1.000,-1.000,-1.000,-1.000,-1.000,-1.000,196.705,-1.000,-1.000,-1.000,-1.000,-1.000
"(596, 31)",-1.000,-1.000,-1.000,-1.000,-1.000,-1.000,-1.000,-1.000,-1.000,-1.000,-1.000,-1.000,-1.000,-1.000,-1.000,-1.000,-1.000,-1.000,-1.000,-1.000,-1.000,-1.000,-1.000,-1.000,-1.000,-1.000,-1.000,-1.000,-1.000,-1.000,-1.000,-1.000,-1.000,-1.000,-1.000,-1.000,-1.000,-1.000,-1.000,-1.000,-1.000,-1.000,-1.000,-1.000,-1.000,-1.000,-1.000,-1.000,-1.000,-1.000,-1.000,-1.000,-1.000,-1.000,-1.000,-1.000,-1.000,-1.000,-1.000,-1.000,-1.000,-1.000,-1.000,-1.000,-1.000,-1.000,-1.000,-1.000
"(1236, 641)",-1.000,-1.000,-1.000,-1.000,-1.000,-1.000,-1.000,-1.000,-1.000,-1.000,-1.000,-1.000,-1.000,-1.000,-1.000,-1.000,-1.000,-1.000,-1.000,-1.000,157.686,-1.000,-1.000,-1.000,-1.000,-1.000,-1.000,-1.000,-1.000,-1.000,-1.000,-1.000,-1.000,-1.000,-1.000,-1.000,-1.000,-1.000,-1.000,-1.000,-1.000,-1.000,-1.000,-1.000,-1.000,-1.000,-1.000,-1.000,-1.000,-1.000,112.178,-1.000,-1.000,-1.000,-1.000,-1.000,-1.000,-1.000,-1.000,-1.000,-1.000,-1.000,-1.000,-1.000,-1.000,-1.000,-1.000,-1.000
"(371, 1362)",-1.000,-1.000,-1.000,-1.000,-1.000,-1.000,-1.000,-1.000,-1.000,-1.000,-1.000,-1.000,-1.000,-1.000,-1.000,-1.000,-1.000,-1.000,-1.000,-1.000,-1.000,-1.000,-1.000,-1.000,-1.000,-1.000,-1.000,-1.000,-1.000,-1.000,-1.000,-1.000,-1.000,-1.000,-1.000,-1.000,-1.000,-1.000,-1.000,-1.000,-1.000,-1.000,-1.000,-1.000,-1.000,146.659,-1.000,-1.000,-1.000,202.054,-1.000,-1.000,-1.000,-1.000,-1.000,-1.000,-1.000,-1.000,-1.000,-1.000,-1.000,-1.000,-1.000,-1.000,-1.000,-1.000,-1.000,-1.000
"(957, 992)",-1.000,-1.000,-1.000,-1.000,-1.000,-1.000,-1.000,-1.000,-1.000,-1.000,-1.000,-1.000,141.014,-1.000,-1.000,-1.000,-1.000,-1.000,-1.000,-1.000,-1.000,-1.000,-1.000,-1.000,-1.000,-1.000,-1.000,-1.000,-1.000,-1.000,-1.000,-1.000,-1.000,-1.000,-1.000,-1.000,-1.000,-1.000,-1.000,-1.000,-1.000,-1.000,-1.000,-1.000,-1.000,-1.000,24.187,-1.000,-1.000,-1.000,-1.000,-1.000,-1.000,-1.000,-1.000,-1.000,-1.000,-1.000,-1.000,-1.000,-1.000,-1.000,-1.000,-1.000,-1.000,-1.000,-1.000,-1.000
"(1188, 944)",59.034,-1.000,-1.000,-1.000,-1.000,36.222,-1.000,-1.000,-1.000,-1.000,-1.000,-1.000,-1.000,-1.000,-1.000,-1.000,-1.000,-1.000,-1.000,-1.000,-1.000,-1.000,-1.000,-1.000,-1.000,-1.000,-1.000,-1.000,-1.000,-1.000,-1.000,-1.000,-1.000,-1.000,-1.000,-1.000,-1.000,-1.000,-1.000,-1.000,-1.000,-1.000,-1.000,-1.000,-1.000,-1.000,-1.000,-1.000,-1.000,-1.000,-1.000,-1.000,-1.000,-1.000,-1.000,-1.000,-1.000,-1.000,-1.000,-1.000,-1.000,-1.000,-1.000,-1.000,-1.000,-1.000,-1.000,-1.000
"(928, 1130)",-1.000,-1.000,98.311,-1.000,-1.000,-1.000,-1.000,-1.000,-1.000,-1.000,141.014,-1.000,-1.000,-1.000,-1.000,-1.000,-1.000,-1.000,-1.000,-1.000,-1.000,-1.000,-1.000,-1.000,-1.000,-1.000,-1.000,-1.000,-1.000,-1.000,-1.000,-1.000,-1.000,-1.000,-1.000,-1.000,-1.000,-1.000,-1.000,-1.000,-1.000,-1.000,-1.000,-1.000,-1.000,-1.000,-1.000,-1.000,-1.000,-1.000,-1.000,-1.000,-1.000,-1.000,-1.000,-1.000,-1.000,-1.000,-1.000,-1.000,-1.000,-1.000,-1.000,-1.000,-1.000,-1.000,-1.000,-1.000
"(657, 525)",-1.000,-1.000,-1.000,-1.000,-1.000,-1.000,-1.000,-1.000,-1.000,-1.000,-1.000,-1.000,-1.000,-1.000,-1.000,-1.000,-1.000,-1.000,-1.000,-1.000,-1.000,-1.000,-1.000,-1.000,-1.000,-1.000,-1.000,-1.000,-1.000,-1.000,-1.000,-1.000,-1.000,-1.000,-1.000,-1.000,29.069,-1.000,-1.000,-1.000,-1.000,-1.000,-1.000,-1.000,-1.000,-1.000,-1.000,-1.000,-1.000,-1.000,-1.000,-1.000,-1.000,-1.000,-1.000,-1.000,-1.000,-1.000,-1.000,-1.000,-1.000,-1.000,293.319,-1.000,-1.000,-1.000,-1.000,-1.000
"(685, 340)",-1.000,-1.000,-1.000,-1.000,-1.000,-1.000,-1.000,-1.000,-1.000,-1.000,-1.000,-1.000,-1.000,-1.000,-1.000,-1.000,-1.000,-1.000,-1.000,-1.000,-1.000,-1.000,-1.000,-1.000,-1.000,-1.000,-1.000,-1.000,-1.000,-1.000,-1.000,-1.000,-1.000,-1.000,-1.000,-1.000,158.152,-1.000,-1.000,-1.000,-1.000,-1.000,-1.000,-1.000,-1.000,-1.000,-1.000,-1.000,-1.000,-1.000,-1.000,-1.000,-1.000,-1.000,-1.000,-1.000,-1.000,-1.000,-1.000,-1.000,-1.000,-1.000,-1.000,-1.000,-1.000,-1.000,-1.000,-1.000
"(1327, 1253)",-1.000,-1.000,-1.000,-1.000,-1.000,-1.000,-1.000,-1.000,-1.000,-1.000,-1.000,-1.000,-1.000,-1.000,-1.000,-1.000,-1.000,-1.000,-1.000,-1.000,-1.000,-1.000,-1.000,-1.000,-1.000,-1.000,-1.000,-1.000,-1.000,-1.000,-1.000,-1.000,-1.000,-1.000,-1.000,-1.000,-1.000,-1.000,-1.000,-1.000,-1.000,-1.000,-1.000,166.643,-1.000,-1.000,-1.000,-1.000,-1.000,-1.000,-1.000,-1.000,-1.000,-1.000,-1.000,-1.000,-1.000,-1.000,-1.000,-1.000,-1.000,-1.000,-1.000,-1.000,-1.000,-1.000,-1.000,-1.000
"(435, 981)",-1.000,-1.000,-1.000,-1.000,200.112,-1.000,-1.000,-1.000,-1.000,-1.000,-1.000,-1.000,-1.000,-1.000,-1.000,-1.000,-1.000,-1.000,-1.000,-1.000,-1.000,-1.000,-1.000,-1.000,-1.000,-1.000,-1.000,-1.000,-1.000,-1.000,-1.000,-1.000,-1.000,-1.000,-1.000,-1.000,-1.000,-1.000,-1.000,-1.000,-1.000,-1.000,-1.000,-1.000,-1.000,-1.000,-1.000,-1.000,-1.000,-1.000,-1.000,112.379,-1.000,-1.000,-1.000,-1.000,-1.000,-1.000,-1.000,-1.000,-1.000,-1.000,-1.000,-1.000,-1.000,-1.000,-1.000,-1.000
"(879, 91)",-1.000,-1.000,-1.000,-1.000,-1.000,-1.000,-1.000,-1.000,-1.000,-1.000,-1.000,-1.000,-1.000,-1.000,-1.000,-1.000,-1.000,-1.000,-1.000,-1.000,-1.000,-1.000,-1.000,-1.000,-1.000,-1.000,-1.000,-1.000,-1.000,-1.000,-1.000,-1.000,-1.000,-1.000,-1.000,126.115,-1.000,-1.000,-1.000,-1.000,-1.000,-1.000,-1.000,-1.000,-1.000,-1.000,-1.000,-1.000,-1.000,-1.000,-1.000,-1.000,-1.000,-1.000,-1.000,-1.000,-1.000,-1.000,-1.000,-1.000,-1.000,-1.000,-1.000,-1.000,-1.000,-1.000,-1.000,-1.000
"(323, 441)",-1.000,-1.000,-1.000,-1.000,-1.000,-1.000,-1.000,-1.000,-1.000,-1.000,-1.000,-1.000,-1.000,-1.000,-1.000,-1.000,-1.000,-1.000,-1.000,-1.000,-1.000,-1.000,116.108,-1.000,-1.000,-1.000,-1.000,-1.000,-1.000,-1.000,-1.000,-1.000,-1.000,-1.000,-1.000,-1.000,-1.000,-1.000,-1.000,100.623,-1.000,-1.000,-1.000,-1.000,-1.000,-1.000,-1.000,-1.000,-1.000,-1.000,-1.000,-1.000,-1.000,-1.000,-1.000,-1.000,-1.000,-1.000,-1.000,-1.000,-1.000,-1.000,-1.000,-1.000,-1.000,-1.000,-1.000,-1.000
"(1081, 228)",-1.000,-1.000,-1.000,-1.000,-1.000,-1.000,-1.000,-1.000,-1.000,-1.000,-1.000,-1.000,-1.000,-1.000,-1.000,-1.000,-1.000,-1.000,-1.000,-1.000,-1.000,63.151,-1.000,-1.000,-1.000,-1.000,-1.000,-1.000,-1.000,-1.000,-1.000,-1.000,-1.000,-1.000,-1.000,-1.000,-1.000,-1.000,-1.000,-1.000,-1.000,-1.000,-1.000,-1.000,-1.000,-1.000,-1.000,-1.000,-1.000,-1.000,-1.000,-1.000,-1.000,-1.000,-1.000,-1.000,-1.000,-1.000,-1.000,-1.000,-1.000,172.003,-1.000,-1.000,-1.000,-1.000,-1.000,-1.000
"(1259, 485)",-1.000,-1.000,-1.000,-1.000,-1.000,-1.000,-1.000,-1.000,157.686,-1.000,-1.000,-1.000,-1.000,-1.000,-1.000,-1.000,-1.000,-1.000,-1.000,-1.000,-1.000,-1.000,-1.000,-1.000,-1.000,-1.000,-1.000,-1.000,-1.000,-1.000,-1.000,-1.000,-1.000,-1.000,-1.000,-1.000,-1.000,-1.000,-1.000,-1.000,-1.000,236.580,-1.000,-1.000,-1.000,-1.000,-1.000,-1.000,-1.000,-1.000,-1.000,-1.000,-1.000,-1.000,-1.000,-1.000,-1.000,-1.000,-1.000,-1.000,-1.000,-1.000,-1.000,-1.000,-1.000,-1.000,-1.000,-1.000
"(1093, 166)",-1.000,-1.000,-1.000,-1.000,-1.000,-1.000,-1.000,-1.000,-1.000,-1.000,-1.000,-1.000,-1.000,-1.000,-1.000,-1.000,-1.000,-1.000,-1.000,63.151,-1.000,-1.000,-1.000,-1.000,-1.000,-1.000,-1.000,-1.000,-1.000,-1.000,-1.000,-1.000,-1.000,-1.000,-1.000,-1.000,-1.000,-1.000,-1.000,-1.000,-1.000,-1.000,-1.000,-1.000,-1.000,-1.000,-1.000,-1.000,-1.000,-1.000,-1.000,-1.000,-1.000,-1.000,-1.000,-1.000,-1.000,-1.000,-1.000,-1.000,-1.000,-1.000,-1.000,-1.000,-1.000,-1.000,-1.000,-1.000
"(208, 425)",-1.000,-1.000,-1.000,-1.000,-1.000,-1.000,-1.000,-1.000,-1.000,-1.000,-1.000,-1.000,-1.000,-1.000,-1.000,-1.000,-1.000,-1.000,116.108,-1.000,-1.000,-1.000,-1.000,-1.000,-1.000,-1.000,-1.000,-1.000,-1.000,-1.000,-1.000,-1.000,-1.000,-1.000,-1.000,-1.000,-1.000,-1.000,-1.000,-1.000,-1.000,-1.000,-1.000,-1.000,-1.000,-1.000,-1.000,-1.000,-1.000,-1.000,-1.000,-1.000,-1.000,-1.000,-1.000,-1.000,-1.000,-1.000,-1.000,-1.000,-1.000,-1.000,-1.000,-1.000,-1.000,-1.000,-1.000,-1.000
"(154, 735)",-1.000,-1.000,-1.000,-1.000,-1.000,-1.000,-1.000,-1.000,-1.000,-1.000,-1.000,-1.000,-1.000,-1.000,-1.000,-1.000,-1.000,-1.000,-1.000,-1.000,-1.000,-1.000,-1.000,-1.000,-1.000,-1.000,-1.000,-1.000,-1.000,-1.000,-1.000,-1.000,-1.000,-1.000,-1.000,-1.000,-1.000,-1.000,-1.000,-1.000,-1.000,-1.000,-1.000,-1.000,-1.000,-1.000,-1.000,-1.000,-1.000,-1.000,-1.000,-1.000,-1.000,-1.000,124.459,-1.000,-1.000,-1.000,-1.000,-1.000,-1.000,-1.000,-1.000,-1.000,-1.000,-1.000,-1.000,-1.000
"(805, 525)",-1.000,-1.000,-1.000,-1.000,-1.000,-1.000,-1.000,-1.000,-1.000,-1.000,-1.000,-1.000,-1.000,-1.000,-1.000,-1.000,-1.000,-1.000,-1.000,-1.000,-1.000,-1.000,-1.000,-1.000,-1.000,-1.000,-1.000,-1.000,-1.000,-1.000,-1.000,-1.000,-1.000,-1.000,-1.000,-1.000,-1.000,-1.000,-1.000,-1.000,-1.000,-1.000,-1.000,-1.000,-1.000,-1.000,-1.000,35.511,-1.000,-1.000,-1.000,-1.000,-1.000,-1.000,-1.000,220.484,-1.000,-1.000,-1.000,104.938,-1.000,-1.000,-1.000,-1.000,-1.000,-1.000,-1.000,-1.000
"(804, 848)",-1.000,-1.000,-1.000,-1.000,-1.000,-1.000,-1.000,-1.000,-1.000,-1.000,-1.000,-1.000,-1.000,-1.000,-1.000,-1.000,-1.000,-1.000,-1.000,-1.000,-1.000,-1.000,-1.000,-1.000,-1.000,-1.000,-1.000,-1.000,-1.000,-1.000,170.696,-1.000,-1.000,-1.000,-1.000,-1.000,-1.000,-1.000,-1.000,-1.000,-1.000,-1.000,-1.000,-1.000,-1.000,-1.000,-1.000,-1.000,-1.000,-1.000,-1.000,-1.000,-1.000,-1.000,-1.000,-1.000,-1.000,-1.000,-1.000,-1.000,-1.000,-1.000,193.830,-1.000,-1.000,-1.000,-1.000,-1.000
"(1042, 455)",-1.000,-1.000,-1.000,-1.000,-1.000,-1.000,-1.000,-1.000,-1.000,-1.000,-1.000,-1.000,-1.000,-1.000,-1.000,-1.000,-1.000,-1.000,-1.000,-1.000,-1.000,-1.000,-1.000,-1.000,-1.000,-1.000,-1.000,-1.000,-1.000,-1.000,-1.000,-1.000,-1.000,-1.000,-1.000,-1.000,-1.000,-1.000,-1.000,-1.000,-1.000,-1.000,-1.000,-1.000,-1.000,-1.000,-1.000,-1.000,-1.000,-1.000,-1.000,-1.000,-1.000,-1.000,-1.000,104.738,-1.000,-1.000,-1.000,-1.000,-1.000,58.421,-1.000,-1.000,-1.000,-1.000,-1.000,-1.000
"(112, 933)",-1.000,-1.000,-1.000,-1.000,126.436,-1.000,-1.000,-1.000,-1.000,-1.000,-1.000,-1.000,-1.000,-1.000,-1.000,-1.000,-1.000,-1.000,-1.000,-1.000,-1.000,-1.000,-1.000,-1.000,-1.000,-1.000,-1.000,-1.000,-1.000,-1.000,-1.000,-1.000,-1.000,-1.000,-1.000,-1.000,-1.000,-1.000,-1.000,-1.000,-1.000,-1.000,-1.000,-1.000,-1.000,-1.000,-1.000,-1.000,-1.000,-1.000,-1.000,-1.000,-1.000,-1.000,-1.000,-1.000,-1.000,-1.000,-1.000,-1.000,-1.000,-1.000,-1.000,-1.000,-1.000,-1.000,-1.000,-1.000
"(1112, 899)",-1.000,-1.000,-1.000,-1.000,-1.000,80.505,-1.000,-1.000,-1.000,-1.000,-1.000,-1.000,-1.000,-1.000,-1.000,-1.000,-1.000,-1.000,-1.000,-1.000,-1.000,-1.000,-1.000,-1.000,-1.000,-1.000,-1.000,-1.000,-1.000,-1.000,141.598,-1.000,-1.000,-1.000,-1.000,-1.000,-1.000,-1.000,-1.000,-1.000,-1.000,-1.000,-1.000,-1.000,-1.000,-1.000,-1.000,-1.000,-1.000,-1.000,-1.000,-1.000,-1.000,-1.000,-1.000,-1.000,-1.000,-1.000,-1.000,-1.000,-1.000,-1.000,-1.000,-1.000,-1.000,-1.000,-1.000,-1.000
"(682, 500)",-1.000,-1.000,-1.000,-1.000,-1.000,-1.000,-1.000,-1.000,-1.000,-1.000,-1.000,-1.000,-1.000,-1.000,-1.000,-1.000,-1.000,-1.000,-1.000,-1.000,-1.000,-1.000,-1.000,-1.000,-1.000,-1.000,-1.000,-1.000,-1.000,-1.000,-1.000,-1.000,-1.000,-1.000,-1.000,-1.000,23.345,-1.000,-1.000,-1.000,-1.000,-1.000,-1.000,-1.000,-1.000,-1.000,-1.000,90.028,-1.000,-1.000,-1.000,-1.000,-1.000,-1.000,-1.000,-1.000,-1.000,-1.000,-1.000,-1.000,-1.000,-1.000,-1.000,-1.000,-1.000,-1.000,-1.000,-1.000
"(973, 872)",-1.000,-1.000,-1.000,-1.000,-1.000,-1.000,-1.000,-1.000,-1.000,-1.000,-1.000,-1.000,-1.000,-1.000,-1.000,-1.000,-1.000,-1.000,-1.000,-1.000,-1.000,-1.000,-1.000,-1.000,-1.000,170.696,-1.000,-1.000,141.598,-1.000,-1.000,-1.000,-1.000,-1.000,-1.000,-1.000,-1.000,-1.000,-1.000,-1.000,-1.000,-1.000,-1.000,-1.000,-1.000,-1.000,96.876,-1.000,-1.000,-1.000,-1.000,-1.000,-1.000,24.739,-1.000,-1.000,-1.000,-1.000,-1.000,-1.000,-1.000,-1.000,-1.000,-1.000,-1.000,-1.000,-1.000,-1.000
"(892, 1370)",-1.000,-1.000,-1.000,-1.000,-1.000,-1.000,-1.000,-1.000,-1.000,-1.000,-1.000,-1.000,-1.000,-1.000,-1.000,-1.000,-1.000,-1.000,-1.000,-1.000,-1.000,-1.000,-1.000,-1.000,-1.000,-1.000,-1.000,-1.000,-1.000,-1.000,-1.000,-1.000,-1.000,-1.000,-1.000,-1.000,-1.000,-1.000,-1.000,-1.000,-1.000,-1.000,-1.000,-1.000,-1.000,-1.000,-1.000,-1.000,-1.000,-1.000,-1.000,-1.000,-1.000,-1.000,-1.000,-1.000,-1.000,-1.000,-1.000,-1.000,-1.000,-1.000,-1.000,-1.000,-1.000,-1.000,44.553,-1.000
"(1004, 713)",-1.000,-1.000,-1.000,-1.000,-1.000,-1.000,-1.000,-1.000,-1.000,-1.000,-1.000,-1.000,-1.000,-1.000,-1.000,-1.000,-1.000,-1.000,-1.000,-1.000,-1.000,-1.000,-1.000,-1.000,-1.000,-1.000,-1.000,-1.000,-1.000,-1.000,-1.000,-1.000,-1.000,-1.000,-1.000,-1.000,-1.000,-1.000,-1.000,-1.000,-1.000,-1.000,-1.000,-1.000,-1.000,-1.000,-1.000,-1.000,-1.000,-1.000,-1.000,-1.000,-1.000,137.295,-1.000,156.160,-1.000,-1.000,-1.000,-1.000,-1.000,-1.000,-1.000,-1.000,-1.000,-1.000,-1.000,-1.000
"(500, 1516)",-1.000,-1.000,-1.000,-1.000,-1.000,-1.000,-1.000,-1.000,-1.000,-1.000,-1.000,-1.000,-1.000,-1.000,-1.000,-1.000,-1.000,-1.000,-1.000,-1.000,-1.000,-1.000,-1.000,-1.000,-1.000,-1.000,-1.000,-1.000,-1.000,-1.000,-1.000,-1.000,-1.000,-1.000,-1.000,-1.000,-1.000,-1.000,-1.000,-1.000,-1.000,-1.000,-1.000,-1.000,-1.000,-1.000,-1.000,-1.000,-1.000,-1.000,-1.000,-1.000,-1.000,-1.000,-1.000,-1.000,-1.000,-1.000,-1.000,-1.000,-1.000,-1.000,-1.000,-1.000,-1.000,-1.000,-1.000,-1.000
"(440, 1523)",-1.000,-1.000,-1.000,-1.000,-1.000,-1.000,-1.000,-1.000,-1.000,-1.000,-1.000,-1.000,-1.000,-1.000,-1.000,-1.000,-1.000,-1.000,-1.000,-1.000,-1.000,-1.000,-1.000,-1.000,-1.000,-1.000,-1.000,-1.000,-1.000,-1.000,-1.000,-1.000,-1.000,-1.000,-1.000,-1.000,-1.000,-1.000,-1.000,-1.000,-1.000,-1.000,-1.000,-1.000,-1.000,-1.000,-1.000,-1.000,-1.000,-1.000,-1.000,-1.000,-1.000,-1.000,-1.000,-1.000,-1.000,-1.000,-1.000,-1.000,-1.000,-1.000,-1.000,-1.000,-1.000,-1.000,-1.000,-1.000
"(856, 215)",-1.000,-1.000,-1.000,-1.000,-1.000,-1.000,-1.000,-1.000,-1.000,-1.000,-1.000,-1.000,-1.000,-1.000,-1.000,-1.000,-1.000,126.115,-1.000,-1.000,-1.000,-1.000,-1.000,-1.000,-1.000,-1.000,-1.000,-1.000,-1.000,-1.000,-1.000,-1.000,-1.000,-1.000,-1.000,-1.000,-1.000,-1.000,-1.000,-1.000,156.697,-1.000,-1.000,-1.000,-1.000,-1.000,-1.000,-1.000,-1.000,-1.000,-1.000,-1.000,-1.000,-1.000,-1.000,-1.000,-1.000,-1.000,-1.000,-1.000,-1.000,-1.000,-1.000,-1.000,-1.000,-1.000,-1.000,-1.000
"(659, 496)",-1.000,-1.000,-1.000,-1.000,-1.000,-1.000,-1.000,-1.000,-1.000,-1.000,-1.000,-1.000,-1.000,29.069,158.152,-1.000,-1.000,-1.000,-1.000,-1.000,-1.000,-1.000,-1.000,-1.000,-1.000,-1.000,-1.000,-1.000,-1.000,23.345,-1.000,-1.000,-1.000,-1.000,-1.000,-1.000,-1.000,-1.000,-1.000,-1.000,-1.000,-1.000,-1.000,-1.000,-1.000,-1.000,-1.000,-1.000,-1.000,-1.000,-1.000,-1.000,-1.000,-1.000,-1.000,-1.000,-1.000,132.371,-1.000,-1.000,-1.000,-1.000,-1.000,-1.000,-1.000,-1.000,-1.000,-1.000
"(1189, 1235)",-1.000,-1.000,-1.000,-1.000,-1.000,-1.000,-1.000,-1.000,-1.000,-1.000,-1.000,-1.000,-1.000,-1.000,-1.000,-1.000,-1.000,-1.000,-1.000,-1.000,-1.000,-1.000,-1.000,-1.000,-1.000,-1.000,-1.000,-1.000,-1.000,-1.000,-1.000,-1.000,-1.000,-1.000,-1.000,-1.000,-1.000,-1.000,-1.000,-1.000,-1.000,-1.000,-1.000,-1.000,-1.000,-1.000,-1.000,-1.000,-1.000,-1.000,-1.000,-1.000,-1.000,-1.000,-1.000,-1.000,176.182,-1.000,-1.000,-1.000,-1.000,-1.000,-1.000,-1.000,-1.000,-1.000,-1.000,-1.000
"(215, 1054)",-1.000,-1.000,-1.000,-1.000,-1.000,-1.000,-1.000,-1.000,-1.000,-1.000,-1.000,-1.000,-1.000,-1.000,-1.000,-1.000,-1.000,-1.000,-1.000,-1.000,-1.000,-1.000,-1.000,-1.000,-1.000,-1.000,-1.000,-1.000,-1.000,-1.000,-1.000,-1.000,-1.000,-1.000,-1.000,-1.000,-1.000,-1.000,-1.000,-1.000,-1.000,-1.000,-1.000,-1.000,-1.000,-1.000,-1.000,-1.000,-1.000,-1.000,-1.000,-1.000,117.085,-1.000,-1.000,-1.000,-1.000,-1.000,-1.000,-1.000,-1.000,-1.000,-1.000,-1.000,-1.000,-1.000,-1.000,39.051
"(422, 459)",-1.000,-1.000,-1.000,-1.000,-1.000,-1.000,-1.000,-1.000,-1.000,-1.000,-1.000,-1.000,-1.000,-1.000,-1.000,-1.000,-1.000,-1.000,100.623,-1.000,-1.000,-1.000,-1.000,-1.000,-1.000,-1.000,-1.000,-1.000,-1.000,-1.000,-1.000,-1.000,-1.000,-1.000,-1.000,-1.000,-1.000,-1.000,-1.000,-1.000,-1.000,-1.000,-1.000,-1.000,-1.000,-1.000,-1.000,-1.000,-1.000,-1.000,-1.000,-1.000,-1.000,-1.000,-1.000,-1.000,-1.000,107.517,-1.000,-1.000,-1.000,-1.000,-1.000,-1.000,-1.000,-1.000,-1.000,-1.000
"(833, 370)",-1.000,-1.000,-1.000,-1.000,-1.000,-1.000,-1.000,-1.000,-1.000,-1.000,-1.000,-1.000,-1.000,-1.000,-1.000,-1.000,-1.000,-1.000,-1.000,-1.000,-1.000,-1.000,-1.000,-1.000,-1.000,-1.000,-1.000,-1.000,-1.000,-1.000,-1.000,-1.000,-1.000,-1.000,-1.000,156.697,-1.000,-1.000,-1.000,-1.000,-1.000,-1.000,-1.000,-1.000,-1.000,-1.000,-1.000,-1.000,-1.000,-1.000,-1.000,-1.000,-1.000,-1.000,-1.000,-1.000,-1.000,-1.000,-1.000,52.887,-1.000,-1.000,-1.000,-1.000,-1.000,-1.000,-1.000,-1.000
"(1300, 252)",-1.000,-1.000,-1.000,-1.000,-1.000,-1.000,-1.000,-1.000,-1.000,-1.000,-1.000,-1.000,-1.000,-1.000,-1.000,-1.000,-1.000,-1.000,-1.000,-1.000,236.580,-1.000,-1.000,-1.000,-1.000,-1.000,-1.000,-1.000,-1.000,-1.000,-1.000,-1.000,-1.000,-1.000,-1.000,-1.000,-1.000,-1.000,-1.000,-1.000,-1.000,-1.000,-1.000,-1.000,-1.000,-1.000,-1.000,-1.000,-1.000,-1.000,-1.000,-1.000,-1.000,-1.000,-1.000,-1.000,-1.000,-1.000,-1.000,-1.000,-1.000,-1.000,-1.000,-1.000,-1.000,-1.000,-1.000,-1.000
"(52, 1304)",-1.000,-1.000,-1.000,-1.000,-1.000,-1.000,-1.000,-1.000,-1.000,-1.000,-1.000,-1.000,-1.000,-1.000,-1.000,-1.000,-1.000,-1.000,-1.000,-1.000,-1.000,-1.000,-1.000,-1.000,-1.000,-1.000,-1.000,-1.000,-1.000,-1.000,-1.000,-1.000,-1.000,-1.000,-1.000,-1.000,-1.000,-1.000,-1.000,-1.000,-1.000,-1.000,-1.000,-1.000,-1.000,-1.000,-1.000,-1.000,-1.000,-1.000,-1.000,-1.000,-1.000,-1.000,-1.000,-1.000,-1.000,-1.000,-1.000,-1.000,-1.000,-1.000,-1.000,-1.000,-1.000,-1.000,-1.000,-1.000
"(1370, 1092)",-1.000,-1.000,-1.000,-1.000,-1.000,-1.000,-1.000,-1.000,-1.000,-1.000,-1.000,-1.000,-1.000,-1.000,-1.000,-1.000,-1.000,-1.000,-1.000,-1.000,-1.000,-1.000,-1.000,-1.000,-1.000,-1.000,-1.000,-1.000,-1.000,-1.000,-1.000,-1.000,-1.000,-1.000,-1.000,-1.000,-1.000,-1.000,-1.000,-1.000,-1.000,-1.000,-1.000,-1.000,-1.000,-1.000,-1.000,-1.000,-1.000,-1.000,-1.000,-1.000,-1.000,-1.000,-1.000,-1.000,-1.000,-1.000,55.109,-1.000,-1.000,-1.000,-1.000,-1.000,-1.000,-1.000,-1.000,-1.000
"(545, 1180)",-1.000,291.323,-1.000,-1.000,-1.000,-1.000,174.597,-1.000,-1.000,-1.000,-1.000,-1.000,-1.000,-1.000,-1.000,-1.000,-1.000,-1.000,-1.000,-1.000,-1.000,-1.000,-1.000,-1.000,-1.000,-1.000,-1.000,-1.000,-1.000,-1.000,-1.000,-1.000,-1.000,-1.000,-1.000,-1.000,-1.000,-1.000,-1.000,-1.000,-1.000,-1.000,-1.000,-1.000,-1.000,206.051,-1.000,-1.000,-1.000,-1.000,-1.000,-1.000,-1.000,-1.000,-1.000,-1.000,-1.000,-1.000,-1.000,-1.000,-1.000,-1.000,-1.000,-1.000,-1.000,-1.000,-1.000,-1.000
"(516, 1384)",-1.000,85.615,-1.000,-1.000,-1.000,-1.000,-1.000,-1.000,-1.000,-1.000,-1.000,-1.000,-1.000,-1.000,-1.000,-1.000,-1.000,-1.000,-1.000,-1.000,-1.000,-1.000,-1.000,-1.000,-1.000,-1.000,-1.000,-1.000,-1.000,-1.000,-1.000,-1.000,-1.000,-1.000,-1.000,-1.000,-1.000,-1.000,-1.000,-1.000,-1.000,-1.000,-1.000,-1.000,206.051,-1.000,-1.000,-1.000,-1.000,-1.000,-1.000,-1.000,-1.000,-1.000,-1.000,-1.000,-1.000,-1.000,-1.000,-1.000,-1.000,-1.000,-1.000,-1.000,-1.000,-1.000,-1.000,-1.000
"(960, 968)",-1.000,-1.000,-1.000,-1.000,-1.000,-1.000,-1.000,-1.000,-1.000,-1.000,24.187,-1.000,-1.000,-1.000,-1.000,-1.000,-1.000,-1.000,-1.000,-1.000,-1.000,-1.000,-1.000,-1.000,-1.000,-1.000,-1.000,-1.000,-1.000,-1.000,96.876,-1.000,-1.000,-1.000,-1.000,-1.000,-1.000,-1.000,-1.000,-1.000,-1.000,-1.000,-1.000,-1.000,-1.000,-1.000,-1.000,-1.000,-1.000,-1.000,-1.000,-1.000,-1.000,-1.000,-1.000,-1.000,-1.000,-1.000,-1.000,-1.000,-1.000,-1.000,-1.000,-1.000,-1.000,-1.000,-1.000,-1.000
"(770, 519)",-1.000,-1.000,-1.000,-1.000,-1.000,-1.000,-1.000,-1.000,-1.000,-1.000,-1.000,-1.000,-1.000,-1.000,-1.000,-1.000,-1.000,-1.000,-1.000,-1.000,-1.000,-1.000,-1.000,-1.000,35.511,-1.000,-1.000,-1.000,-1.000,90.028,-1.000,-1.000,-1.000,-1.000,-1.000,-1.000,-1.000,-1.000,-1.000,-1.000,-1.000,-1.000,-1.000,-1.000,-1.000,-1.000,-1.000,-1.000,-1.000,-1.000,-1.000,-1.000,-1.000,-1.000,-1.000,-1.000,-1.000,-1.000,-1.000,-1.000,-1.000,-1.000,-1.000,-1.000,-1.000,-1.000,-1.000,-1.000
"(1398, 947)",-1.000,-1.000,-1.000,-1.000,-1.000,209.659,-1.000,-1.000,-1.000,-1.000,-1.000,-1.000,-1.000,-1.000,-1.000,-1.000,-1.000,-1.000,-1.000,-1.000,-1.000,-1.000,-1.000,-1.000,-1.000,-1.000,-1.000,-1.000,-1.000,-1.000,-1.000,-1.000,-1.000,-1.000,-1.000,-1.000,-1.000,-1.000,-1.000,-1.000,-1.000,-1.000,-1.000,-1.000,-1.000,-1.000,-1.000,-1.000,-1.000,-1.000,-1.000,-1.000,-1.000,-1.000,-1.000,-1.000,-1.000,-1.000,-1.000,-1.000,-1.000,-1.000,-1.000,-1.000,-1.000,-1.000,-1.000,-1.000
"(172, 1327)",-1.000,-1.000,-1.000,-1.000,-1.000,-1.000,-1.000,-1.000,-1.000,202.054,-1.000,-1.000,-1.000,-1.000,-1.000,-1.000,-1.000,-1.000,-1.000,-1.000,-1.000,-1.000,-1.000,-1.000,-1.000,-1.000,-1.000,-1.000,-1.000,-1.000,-1.000,-1.000,-1.000,-1.000,-1.000,-1.000,-1.000,-1.000,-1.000,-1.000,-1.000,-1.000,122.184,-1.000,-1.000,-1.000,-1.000,-1.000,-1.000,-1.000,-1.000,-1.000,-1.000,-1.000,-1.000,-1.000,-1.000,-1.000,-1.000,-1.000,-1.000,-1.000,-1.000,-1.000,-1.000,-1.000,-1.000,-1.000
"(1214, 751)",-1.000,-1.000,-1.000,-1.000,-1.000,158.534,-1.000,-1.000,112.178,-1.000,-1.000,-1.000,-1.000,-1.000,-1.000,-1.000,-1.000,-1.000,-1.000,-1.000,-1.000,-1.000,-1.000,-1.000,-1.000,-1.000,-1.000,-1.000,-1.000,-1.000,-1.000,-1.000,-1.000,-1.000,-1.000,-1.000,-1.000,-1.000,-1.000,-1.000,-1.000,-1.000,-1.000,-1.000,-1.000,-1.000,-1.000,-1.000,-1.000,-1.000,-1.000,-1.000,-1.000,-1.000,-1.000,-1.000,-1.000,-1.000,-1.000,-1.000,-1.000,-1.000,-1.000,-1.000,-1.000,-1.000,-1.000,-1.000
"(545, 1004)",-1.000,-1.000,-1.000,-1.000,-1.000,-1.000,30.265,-1.000,-1.000,-1.000,-1.000,-1.000,-1.000,-1.000,-1.000,-1.000,112.379,-1.000,-1.000,-1.000,-1.000,-1.000,-1.000,-1.000,-1.000,-1.000,-1.000,-1.000,-1.000,-1.000,-1.000,-1.000,-1.000,-1.000,-1.000,-1.000,-1.000,-1.000,-1.000,-1.000,-1.000,-1.000,-1.000,-1.000,-1.000,-1.000,-1.000,-1.000,-1.000,-1.000,-1.000,-1.000,-1.000,-1.000,-1.000,-1.000,-1.000,-1.000,-1.000,-1.000,-1.000,-1.000,-1.000,-1.000,-1.000,-1.000,-1.000,-1.000
"(100, 1032)",-1.000,-1.000,-1.000,-1.000,-1.000,-1.000,-1.000,-1.000,-1.000,-1.000,-1.000,-1.000,-1.000,-1.000,-1.000,-1.000,-1.000,-1.000,-1.000,-1.000,-1.000,-1.000,-1.000,-1.000,-1.000,-1.000,-1.000,-1.000,-1.000,-1.000,-1.000,-1.000,-1.000,-1.000,-1.000,-1.000,-1.000,-1.000,-1.000,-1.000,-1.000,-1.000,-1.000,-1.000,-1.000,-1.000,-1.000,-1.000,-1.000,-1.000,-1.000,-1.000,-1.000,-1.000,-1.000,-1.000,-1.000,-1.000,-1.000,-1.000,-1.000,-1.000,-1.000,-1.000,-1.000,-1.000,-1.000,-1.000
"(979, 848)",-1.000,-1.000,-1.000,-1.000,-1.000,-1.000,-1.000,-1.000,-1.000,-1.000,-1.000,-1.000,-1.000,-1.000,-1.000,-1.000,-1.000,-1.000,-1.000,-1.000,-1.000,-1.000,-1.000,-1.000,-1.000,-1.000,-1.000,-1.000,-1.000,-1.000,24.739,-1.000,137.295,-1.000,-1.000,-1.000,-1.000,-1.000,-1.000,-1.000,-1.000,-1.000,-1.000,-1.000,-1.000,-1.000,-1.000,-1.000,-1.000,-1.000,-1.000,-1.000,-1.000,-1.000,-1.000,-1.000,-1.000,-1.000,-1.000,-1.000,-1.000,-1.000,-1.000,-1.000,-1.000,-1.000,-1.000,-1.000
"(277, 754)",-1.000,-1.000,-1.000,-1.000,-1.000,-1.000,-1.000,-1.000,-1.000,-1.000,-1.000,-1.000,-1.000,-1.000,-1.000,-1.000,-1.000,-1.000,-1.000,-1.000,-1.000,-1.000,-1.000,124.459,-1.000,-1.000,-1.000,-1.000,-1.000,-1.000,-1.000,-1.000,-1.000,-1.000,-1.000,-1.000,-1.000,-1.000,-1.000,-1.000,-1.000,-1.000,-1.000,-1.000,-1.000,-1.000,-1.000,-1.000,-1.000,-1.000,-1.000,-1.000,-1.000,-1.000,-1.000,-1.000,-1.000,-1.000,-1.000,-1.000,-1.000,-1.000,-1.000,-1.000,-1.000,88.955,-1.000,-1.000
"(1023, 558)",-1.000,-1.000,-1.000,-1.000,-1.000,-1.000,-1.000,-1.000,-1.000,-1.000,-1.000,-1.000,-1.000,-1.000,-1.000,-1.000,-1.000,-1.000,-1.000,-1.000,-1.000,-1.000,-1.000,-1.000,220.484,-1.000,104.738,-1.000,-1.000,-1.000,-1.000,-1.000,156.160,-1.000,-1.000,-1.000,-1.000,-1.000,-1.000,-1.000,-1.000,-1.000,-1.000,-1.000,-1.000,-1.000,-1.000,-1.000,-1.000,-1.000,-1.000,-1.000,-1.000,-1.000,-1.000,-1.000,-1.000,-1.000,-1.000,-1.000,-1.000,-1.000,-1.000,-1.000,-1.000,-1.000,-1.000,-1.000
"(1197, 1059)",60.407,-1.000,-1.000,-1.000,-1.000,-1.000,-1.000,-1.000,-1.000,-1.000,-1.000,-1.000,-1.000,-1.000,-1.000,-1.000,-1.000,-1.000,-1.000,-1.000,-1.000,-1.000,-1.000,-1.000,-1.000,-1.000,-1.000,-1.000,-1.000,-1.000,-1.000,-1.000,-1.000,-1.000,-1.000,-1.000,-1.000,176.182,-1.000,-1.000,-1.000,-1.000,-1.000,-1.000,-1.000,-1.000,-1.000,-1.000,-1.000,-1.000,-1.000,-1.000,-1.000,-1.000,-1.000,-1.000,-1.000,-1.000,-1.000,-1.000,-1.000,-1.000,-1.000,-1.000,-1.000,-1.000,-1.000,-1.000
"(528, 477)",-1.000,-1.000,-1.000,-1.000,-1.000,-1.000,-1.000,-1.000,-1.000,-1.000,-1.000,-1.000,-1.000,-1.000,-1.000,-1.000,-1.000,-1.000,-1.000,-1.000,-1.000,-1.000,-1.000,-1.000,-1.000,-1.000,-1.000,-1.000,-1.000,-1.000,-1.000,-1.000,-1.000,-1.000,-1.000,-1.000,132.371,-1.000,-1.000,107.517,-1.000,-1.000,-1.000,-1.000,-1.000,-1.000,-1.000,-1.000,-1.000,-1.000,-1.000,-1.000,-1.000,-1.000,-1.000,-1.000,-1.000,-1.000,-1.000,-1.000,-1.000,-1.000,-1.000,-1.000,-1.000,-1.000,-1.000,-1.000
"(1381, 1038)",-1.000,-1.000,-1.000,-1.000,-1.000,-1.000,-1.000,-1.000,-1.000,-1.000,-1.000,-1.000,-1.000,-1.000,-1.000,-1.000,-1.000,-1.000,-1.000,-1.000,-1.000,-1.000,-1.000,-1.000,-1.000,-1.000,-1.000,-1.000,-1.000,-1.000,-1.000,-1.000,-1.000,-1.000,-1.000,-1.000,-1.000,-1.000,-1.000,-1.000,-1.000,-1.000,-1.000,-1.000,-1.000,-1.000,-1.000,-1.000,92.574,-1.000,-1.000,-1.000,-1.000,-1.000,-1.000,-1.000,-1.000,-1.000,-1.000,-1.000,-1.000,-1.000,-1.000,-1.000,-1.000,-1.000,-1.000,-1.000
"(819, 421)",-1.000,-1.000,-1.000,-1.000,-1.000,-1.000,-1.000,-1.000,-1.000,-1.000,-1.000,-1.000,-1.000,-1.000,-1.000,-1.000,-1.000,-1.000,-1.000,-1.000,-1.000,-1.000,-1.000,-1.000,104.938,-1.000,-1.000,-1.000,-1.000,-1.000,-1.000,-1.000,-1.000,-1.000,-1.000,-1.000,-1.000,-1.000,-1.000,-1.000,52.887,-1.000,-1.000,-1.000,-1.000,-1.000,-1.000,-1.000,-1.000,-1.000,-1.000,-1.000,-1.000,-1.000,-1.000,-1.000,-1.000,-1.000,-1.000,-1.000,-1.000,-1.000,-1.000,-1.000,-1.000,-1.000,-1.000,-1.000
"(411, 1158)",-1.000,-1.000,-1.000,-1.000,-1.000,-1.000,-1.000,-1.000,-1.000,-1.000,-1.000,-1.000,-1.000,-1.000,-1.000,-1.000,-1.000,-1.000,-1.000,-1.000,-1.000,-1.000,-1.000,-1.000,-1.000,-1.000,-1.000,-1.000,-1.000,-1.000,-1.000,-1.000,-1.000,-1.000,-1.000,-1.000,-1.000,-1.000,-1.000,-1.000,-1.000,-1.000,-1.000,-1.000,-1.000,-1.000,-1.000,-1.000,-1.000,-1.000,-1.000,-1.000,-1.000,-1.000,-1.000,-1.000,-1.000,-1.000,-1.000,-1.000,-1.000,-1.000,-1.000,-1.000,-1.000,-1.000,-1.000,-1.000
"(1049, 397)",-1.000,-1.000,-1.000,-1.000,-1.000,-1.000,-1.000,-1.000,-1.000,-1.000,-1.000,-1.000,-1.000,-1.000,-1.000,-1.000,-1.000,-1.000,-1.000,172.003,-1.000,-1.000,-1.000,-1.000,-1.000,-1.000,58.421,-1.000,-1.000,-1.000,-1.000,-1.000,-1.000,-1.000,-1.000,-1.000,-1.000,-1.000,-1.000,-1.000,-1.000,-1.000,-1.000,-1.000,-1.000,-1.000,-1.000,-1.000,-1.000,-1.000,-1.000,-1.000,-1.000,-1.000,-1.000,-1.000,-1.000,-1.000,-1.000,-1.000,-1.000,-1.000,-1.000,-1.000,-1.000,-1.000,-1.000,-1.000
"(613, 815)",-1.000,-1.000,-1.000,-1.000,-1.000,-1.000,196.705,-1.000,-1.000,-1.000,-1.000,-1.000,-1.000,293.319,-1.000,-1.000,-1.000,-1.000,-1.000,-1.000,-1.000,-1.000,-1.000,-1.000,-1.000,193.830,-1.000,-1.000,-1.000,-1.000,-1.000,-1.000,-1.000,-1.000,-1.000,-1.000,-1.000,-1.000,-1.000,-1.000,-1.000,-1.000,-1.000,-1.000,-1.000,-1.000,-1.000,-1.000,-1.000,-1.000,-1.000,-1.000,-1.000,-1.000,-1.000,-1.000,-1.000,-1.000,-1.000,-1.000,-1.000,-1.000,-1.000,-1.000,142.580,-1.000,-1.000,-1.000
"(477, 1486)",-1.000,-1.000,-1.000,-1.000,-1.000,-1.000,-1.000,-1.000,-1.000,-1.000,-1.000,-1.000,-1.000,-1.000,-1.000,-1.000,-1.000,-1.000,-1.000,-1.000,-1.000,-1.000,-1.000,-1.000,-1.000,-1.000,-1.000,-1.000,-1.000,-1.000,-1.000,-1.000,-1.000,37.802,52.326,-1.000,-1.000,-1.000,-1.000,-1.000,-1.000,-1.000,-1.000,-1.000,-1.000,-1.000,-1.000,-1.000,-1.000,-1.000,-1.000,-1.000,-1.000,-1.000,-1.000,-1.000,-1.000,-1.000,-1.000,-1.000,-1.000,-1.000,-1.000,-1.000,-1.000,-1.000,-1.000,-1.000
"(473, 788)",-1.000,-1.000,-1.000,-1.000,-1.000,-1.000,-1.000,-1.000,-1.000,-1.000,-1.000,-1.000,-1.000,-1.000,-1.000,-1.000,-1.000,-1.000,-1.000,-1.000,-1.000,-1.000,-1.000,-1.000,-1.000,-1.000,-1.000,-1.000,-1.000,-1.000,-1.000,-1.000,-1.000,-1.000,-1.000,-1.000,-1.000,-1.000,-1.000,-1.000,-1.000,-1.000,-1.000,-1.000,-1.000,-1.000,-1.000,-1.000,-1.000,-1.000,-1.000,-1.000,-1.000,-1.000,-1.000,-1.000,-1.000,-1.000,-1.000,-1.000,-1.000,-1.000,142.580,-1.000,-1.000,110.023,-1.000,-1.000
"(365, 767)",-1.000,-1.000,-1.000,-1.000,-1.000,-1.000,-1.000,-1.000,-1.000,-1.000,-1.000,-1.000,-1.000,-1.000,-1.000,-1.000,-1.000,-1.000,-1.000,-1.000,-1.000,-1.000,-1.000,-1.000,-1.000,-1.000,-1.000,-1.000,-1.000,-1.000,-1.000,-1.000,-1.000,-1.000,-1.000,-1.000,-1.000,-1.000,-1.000,-1.000,-1.000,-1.000,-1.000,-1.000,-1.000,-1.000,-1.000,-1.000,-1.000,-1.000,-1.000,-1.000,-1.000,-1.000,88.955,-1.000,-1.000,-1.000,-1.000,-1.000,-1.000,-1.000,-1.000,-1.000,110.023,-1.000,-1.000,-1.000
"(899, 1326)",-1.000,-1.000,99.850,-1.000,-1.000,-1.000,-1.000,-1.000,-1.000,-1.000,-1.000,-1.000,-1.000,-1.000,-1.000,-1.000,-1.000,-1.000,-1.000,-1.000,-1.000,-1.000,-1.000,-1.000,-1.000,-1.000,-1.000,-1.000,-1.000,-1.000,-1.000,44.553,-1.000,-1.000,-1.000,-1.000,-1.000,-1.000,-1.000,-1.000,-1.000,-1.000,-1.000,-1.000,-1.000,-1.000,-1.000,-1.000,-1.000,-1.000,-1.000,-1.000,-1.000,-1.000,-1.000,-1.000,-1.000,-1.000,-1.000,-1.000,-1.000,-1.000,-1.000,-1.000,-1.000,-1.000,-1.000,-1.000
"(217, 1015)",-1.000,-1.000,-1.000,-1.000,66.098,-1.000,-1.000,-1.000,-1.000,-1.000,-1.000,-1.000,-1.000,-1.000,-1.000,-1.000,-1.000,-1.000,-1.000,-1.000,-1.000,-1.000,-1.000,-1.000,-1.000,-1.000,-1.000,-1.000,-1.000,-1.000,-1.000,-1.000,-1.000,-1.000,-1.000,-1.000,-1.000,-1.000,39.051,-1.000,-1.000,-1.000,-1.000,-1.000,-1.000,-1.000,-1.000,-1.000,-1.000,-1.000,-1.000,-1.000,-1.000,-1.000,-1.000,-1.000,-1.000,-1.000,-1.000,-1.000,-1.000,-1.000,-1.000,-1.000,-1.000,-1.000,-1.000,-1.000
